variable,count,mean,std,min,25%,50%,75%,max,original
dummy1,1000.0,-0.00044214739590900745,0.01024039955883648,-0.028898279988704,-0.00744600873066225,-0.0006408993711843,0.0066064603000688,0.0307213816639251,0.0179818955695765
dummy2,1000.0,0.0005974788847402516,0.010572420523607684,-0.033307695437962,-0.006948777784842226,0.0007155083568405999,0.008085721202702324,0.0315424080866328,0.0045223194231462
x1,1000.0,0.13252816086581667,2.9369453388187607,-9.672288988639444,-1.7113852812466144,0.00698395911650445,1.993920157581133,28.20771409609373,28.20771409609373
x2,1000.0,-0.2730211007819625,7.926501290011541,-27.61658652938259,-5.51914229959247,-0.11043027483712456,4.93268942201387,75.05157278388289,75.05157278388289
x3,1000.0,-0.011342927503857752,1.8955542101848293,-5.044887654243226,-1.2494762457151527,0.0028278740099843,1.21531626311752,17.75368232412531,17.75368232412531
